Date,Name,Year,Letterboxd URI
2024-11-26,Poor Things,2023,https://boxd.it/tNWU
2024-11-26,The Whale,2022,https://boxd.it/tw4c
2024-11-27,The Braid,2023,https://boxd.it/BoxQ
2024-11-29,Mrs DOUBTFIRE - Μάρκος Σεφερλής,2010,https://boxd.it/pYWo
2024-11-29,A Little Something Extra,2024,https://boxd.it/HzIM
2024-12-02,Poison,1951,https://boxd.it/3nG
2024-12-04,Anora,2024,https://boxd.it/Egcw
2024-12-04,Juror #2,2024,https://boxd.it/FRwU
2024-12-04,May December,2023,https://boxd.it/vEE2
2024-12-04,The Wild Robot,2024,https://boxd.it/IWFy
2024-12-04,Flow,2024,https://boxd.it/v1Ei
2024-12-04,Conclave,2024,https://boxd.it/AO8q
2024-12-04,The Good Teacher,2024,https://boxd.it/BPFM
2024-12-04,Prodigies,2024,https://boxd.it/Egle
2024-12-04,Megalopolis,2024,https://boxd.it/lPBS
2024-12-04,Annette,2021,https://boxd.it/f0RS
2024-12-04,Argo,2012,https://boxd.it/2czU
2024-12-04,In Safe Hands,2018,https://boxd.it/hCR6
2024-12-04,Demolition,2015,https://boxd.it/9GuY
2024-12-04,12 Angry Men,1957,https://boxd.it/2auI
2024-12-04,Dark Waters,2019,https://boxd.it/kaYu
2024-12-04,Little Shop of Horrors,1986,https://boxd.it/1Vqm
2024-12-04,The Brice Man,2005,https://boxd.it/1INs
2024-12-04,Valentine's Day,2010,https://boxd.it/1gui
2024-12-04,In the Mood for Love,2000,https://boxd.it/29tE
2024-12-04,Consent,2023,https://boxd.it/A86s
2024-12-04,The Artist,2011,https://boxd.it/2AwK
2024-12-04,Guava Island,2019,https://boxd.it/jOF6
2024-12-04,Casino,1995,https://boxd.it/2ads
2024-12-04,The Matrix Resurrections,2021,https://boxd.it/n87k
2024-12-04,Victoria,2015,https://boxd.it/amSe
2024-12-04,A Ghost Story,2017,https://boxd.it/fb0K
2024-12-04,There's Still Tomorrow,2023,https://boxd.it/COrw
2024-12-04,Kinds of Kindness,2024,https://boxd.it/CWPw
2024-12-04,Delicacy,2011,https://boxd.it/2Qmc
2024-12-04,The Eight Mountains,2022,https://boxd.it/ufRe
2024-12-04,Insomnia,2002,https://boxd.it/2aB0
2024-12-04,GoodFellas,1990,https://boxd.it/29FA
2024-12-04,About Time,2013,https://boxd.it/43bI
2024-12-04,November,2017,https://boxd.it/fxu8
2024-12-04,Black Box,2021,https://boxd.it/oGm6
2024-12-04,Helmut Newton: The Bad and the Beautiful,2020,https://boxd.it/q5Do
2024-12-04,Gone Girl,2014,https://boxd.it/6hQu
2024-12-04,Thelma & Louise,1991,https://boxd.it/28Ew
2024-12-04,Rabid Dogs,1974,https://boxd.it/232W
2024-12-04,Doctor Sleep,2019,https://boxd.it/i5vI
2024-12-04,French Women,2014,https://boxd.it/8hv6
2024-12-04,Boyhood,2014,https://boxd.it/3178
2024-12-04,Point Break,1991,https://boxd.it/2958
2024-12-04,Spider-Man: Across the Spider-Verse,2023,https://boxd.it/kSz4
2024-12-04,"Menus-Plaisirs, les Troisgros",2023,https://boxd.it/EJRS
2024-12-04,Once,2007,https://boxd.it/22GG
2024-12-04,Hidden Figures,2016,https://boxd.it/dgS4
2024-12-04,The Theory of Everything,2014,https://boxd.it/7YtA
2024-12-04,Saving Mr. Banks,2013,https://boxd.it/4vIq
2024-12-04,Jappeloup,2013,https://boxd.it/5iJ8
2024-12-04,Through the Fire,2018,https://boxd.it/hrdE
2024-12-04,The Thing,1982,https://boxd.it/294O
2024-12-04,Alien,1979,https://boxd.it/2awY
2024-12-04,mother!,2017,https://boxd.it/dgRU
2024-12-04,Mr Dong Guo and The Wolf of Zhongshan,1955,https://boxd.it/qSZo
2024-12-04,E.T. the Extra-Terrestrial,1982,https://boxd.it/2a1G
2024-12-04,La Tour Montparnasse Infernale,2001,https://boxd.it/1Mec
2024-12-04,Tour de Force,2014,https://boxd.it/8P1k
2024-12-04,Anaïs in Love,2021,https://boxd.it/tnQw
2024-12-04,Mulholland Drive,2001,https://boxd.it/297o
2024-12-04,Mr. Nobody,2009,https://boxd.it/1k44
2024-12-04,Phantom of the Paradise,1974,https://boxd.it/1s34
2024-12-04,The Sixth Sense,1999,https://boxd.it/29Js
2024-12-04,Dunkirk,2017,https://boxd.it/d0Y6
2024-12-04,Die Hard,1988,https://boxd.it/2a7u
2024-12-04,Those Happy Days,2006,https://boxd.it/1FHw
2024-12-04,Jeanne du Barry,2023,https://boxd.it/yI1k
2024-12-04,The Place Beyond the Pines,2012,https://boxd.it/3mDu
2024-12-04,Man Bites Dog,1992,https://boxd.it/1X7Q
2024-12-04,No Country for Old Men,2007,https://boxd.it/21ew
2024-12-04,The Notebook,2004,https://boxd.it/1UNE
2024-12-04,Two of a Kind,1983,https://boxd.it/1gL4
2024-12-04,The Hateful Eight,2015,https://boxd.it/8gw8
2024-12-04,Reservoir Dogs,1992,https://boxd.it/2agc
2024-12-04,Jackie Brown,1997,https://boxd.it/2aVO
2024-12-04,Armageddon,1998,https://boxd.it/2b9Q
2024-12-04,Braveheart,1995,https://boxd.it/2aTI
2024-12-04,First Blood,1982,https://boxd.it/28U0
2024-12-04,The Devil All the Time,2020,https://boxd.it/i2tY
2024-12-04,Sleepy Hollow,1999,https://boxd.it/26u0
2024-12-04,A River Runs Through It,1992,https://boxd.it/2aFm
2024-12-04,My Best Friend's Wedding,1997,https://boxd.it/1ZHm
2024-12-04,Eat Pray Love,2010,https://boxd.it/16Cc
2024-12-04,Pan's Labyrinth,2006,https://boxd.it/28No
2024-12-04,Impossible,2015,https://boxd.it/d6Fu
2024-12-04,Requiem for a Dream,2000,https://boxd.it/29VI
2024-12-04,The Party,2017,https://boxd.it/eEVS
2024-12-04,The Truman Show,1998,https://boxd.it/18U8
2024-12-04,Showgirls,1995,https://boxd.it/1Vmk
2024-12-04,The Horse Whisperer,1998,https://boxd.it/2a9U
2024-12-04,Le nom de la rose : Le documentaire,2004,https://boxd.it/tfKK
2024-12-04,"Signed, Sealed, Delivered: Lost Without You",2016,https://boxd.it/eDiU
2024-12-04,Sleepless in Seattle,1993,https://boxd.it/29re
2024-12-04,"Mary Poppins, Goodbye",1984,https://boxd.it/NEa8
2024-12-04,Four Weddings and a Funeral,1994,https://boxd.it/29KA
2024-12-04,Spring Blossom,2020,https://boxd.it/qEvE
2024-12-04,French Fried Vacation 2,1979,https://boxd.it/1f02
2024-12-04,The Terminator,1984,https://boxd.it/2aQY
2024-12-04,Hair,1979,https://boxd.it/1VIA
2024-12-04,Gremlins,1984,https://boxd.it/29gg
2024-12-04,Punishment Park,1971,https://boxd.it/1tJK
2024-12-04,Flickering Ghosts of Love Gone By,2021,https://boxd.it/vPXO
2024-12-04,Lunch Box,2004,https://boxd.it/71bC
2024-12-04,Red Wine in the Dark Night,2015,https://boxd.it/f9fy
2024-12-04,Breakfast at Tiffany's,1961,https://boxd.it/2aYS
2024-12-04,Female Agents,2008,https://boxd.it/20s8
2024-12-04,The Things of Life,1970,https://boxd.it/25oU
2024-12-04,Underworld,2003,https://boxd.it/2aHs
2024-12-04,Moonwalker,1988,https://boxd.it/2wrm
2024-12-04,Vidocq,2001,https://boxd.it/1Yhi
2024-12-04,V for Vendetta,2005,https://boxd.it/29Ik
2024-12-04,Mask,1985,https://boxd.it/1UrI
2024-12-04,The Good Shepherd,2006,https://boxd.it/291g
2024-12-04,AVP: Alien vs. Predator,2004,https://boxd.it/2atU
2024-12-04,Mars Attacks!,1996,https://boxd.it/2bd4
2024-12-04,What Dreams May Come,1998,https://boxd.it/1SoM
2024-12-04,La Dolce Vita,1960,https://boxd.it/2anC
2024-12-04,Bicentennial Man,1999,https://boxd.it/2722
2024-12-04,Zodiac,2007,https://boxd.it/27MO
2024-12-04,Il était une fois dans l'Ouest... de la Corse,2004,https://boxd.it/lxgC
2024-12-04,Dances with Wolves,1990,https://boxd.it/2a4K
2024-12-04,The Corsican File,2004,https://boxd.it/13NQ
2024-12-04,My Skinny Sister,2015,https://boxd.it/a0Ta
2024-12-04,The Shawshank Redemption,1994,https://boxd.it/2aHi
2024-12-04,Rain Man,1988,https://boxd.it/2avw
2024-12-04,Once Upon a Time… One Flew Over the Cuckoo's Nest,2011,https://boxd.it/iRdi
2024-12-04,Taxi Driver,1976,https://boxd.it/2b8y
2024-12-04,Her,2013,https://boxd.it/4O24
2024-12-04,La Haine,1995,https://boxd.it/2as8
2024-12-04,Army of Shadows,1969,https://boxd.it/1Mli
2024-12-04,Crooks in Clover,1963,https://boxd.it/1w7E
2024-12-04,Going Places,1974,https://boxd.it/24PU
2024-12-04,The Young Girls of Rochefort,1967,https://boxd.it/26K8
2024-12-04,Scarface,1983,https://boxd.it/2b7g
2024-12-04,Pride & Prejudice,2005,https://boxd.it/24u8
2024-12-04,Fresh,2022,https://boxd.it/tCNi
2024-12-04,Citizen Kane,1941,https://boxd.it/71O
2024-12-04,Wild,2014,https://boxd.it/6KQo
2024-12-04,Call Me by Your Name,2017,https://boxd.it/dYmm
2024-12-04,Hamilton,2020,https://boxd.it/kmvE
2024-12-04,The Sucker,1965,https://boxd.it/1uXS
2024-12-04,Delusions of Grandeur,1971,https://boxd.it/1Ors
2024-12-04,The Restaurant,1966,https://boxd.it/1EWU
2024-12-04,Delete History,2020,https://boxd.it/oygk
2024-12-04,Life Is a Long Quiet River,1988,https://boxd.it/24zs
2024-12-04,Running Out of Time,1999,https://boxd.it/26Gq
2024-12-04,The Elephant Man,1980,https://boxd.it/27LQ
2024-12-04,Barry Lyndon,1975,https://boxd.it/25A2
2024-12-04,Snowpiercer,2013,https://boxd.it/3Icg
2024-12-04,The Page Turner,2006,https://boxd.it/209U
2024-12-04,Beetlejuice,1988,https://boxd.it/24QI
2024-12-04,The Scorpion King: Book of Souls,2018,https://boxd.it/iXBU
2024-12-04,Dredd,2012,https://boxd.it/GZE
2024-12-04,Event Horizon,1997,https://boxd.it/20d8
2024-12-04,The Three Musketeers: Milady,2023,https://boxd.it/vSti
2024-12-04,The Mask,1994,https://boxd.it/29rS
2024-12-04,"Thelma, Louise et Chantal",2010,https://boxd.it/n0s
2024-12-04,Inception,2010,https://boxd.it/1skk
2024-12-04,Independence Day,1996,https://boxd.it/2a1w
2024-12-04,Transcendence,2014,https://boxd.it/4VSQ
2024-12-04,Total Recall,1990,https://boxd.it/29qK
2024-12-04,The Cell,2000,https://boxd.it/1ZLS
2024-12-04,Minority Report,2002,https://boxd.it/2aWi
2024-12-04,The Majestic,2001,https://boxd.it/1UFU
2024-12-04,Frankenstein,1931,https://boxd.it/25Te
2024-12-04,The Longest Day,1962,https://boxd.it/1Z3w
2024-12-04,The Suicide Shop,2012,https://boxd.it/3VE8
2024-12-04,Jack,1996,https://boxd.it/21au
2024-12-04,In the House,2012,https://boxd.it/41HW
2024-12-04,Marrying Mr. Darcy,2018,https://boxd.it/j55M
2024-12-04,Vicky Cristina Barcelona,2008,https://boxd.it/23rW
2024-12-04,Laurence Anyways,2012,https://boxd.it/3HQu
2024-12-04,The Circle,2017,https://boxd.it/bj1I
2024-12-04,Tallulah,2016,https://boxd.it/bUm4
2024-12-04,"My People, My Country",2019,https://boxd.it/mEjg
2024-12-04,The Oath,2018,https://boxd.it/iThw
2024-12-04,1917,2019,https://boxd.it/jj4y
2024-12-04,Jojo Rabbit,2019,https://boxd.it/iEBG
2024-12-04,Little Women,2019,https://boxd.it/aSVk
2024-12-04,The Two Popes,2019,https://boxd.it/k8Xk
2024-12-04,The Lighthouse,2019,https://boxd.it/icFU
2024-12-04,Les Misérables,2012,https://boxd.it/2TT4
2024-12-04,Now Where Did the Seventh Company Get to?,1973,https://boxd.it/3fYg
2024-12-04,Elf,2003,https://boxd.it/1VyK
2024-12-04,Brahmāstra Part One: Shiva,2022,https://boxd.it/hUJO
2024-12-04,Deadman,,https://boxd.it/GDBy
2024-12-04,Nineteen Eighty-Four,1984,https://boxd.it/1YZE
2024-12-04,Hannibal,2001,https://boxd.it/1XVc
2024-12-04,Staying Alive,1983,https://boxd.it/1VlQ
2024-12-04,The Green Line,1998,https://boxd.it/mLt8
2024-12-04,Pearl Harbor,2001,https://boxd.it/29Q4
2024-12-04,Dirty Dancing,1987,https://boxd.it/2baY
2024-12-04,Sexy Dancer,2003,https://boxd.it/B1j2
2024-12-04,The Umbrellas of Cherbourg,1964,https://boxd.it/22fK
2024-12-04,Edmond,2005,https://boxd.it/1Hpa
2024-12-04,Bonnie and Clyde Italian Style,1983,https://boxd.it/2Xu8
2024-12-04,Singin' in the Rain,1952,https://boxd.it/29oY
2024-12-04,A Silent Voice: The Movie,2016,https://boxd.it/d99c
2024-12-04,Dragon Ball: The Path to Power,1996,https://boxd.it/14m2
2024-12-04,The Miseducation of Cameron Post,2018,https://boxd.it/f6B2
2024-12-04,BPM (Beats per Minute),2017,https://boxd.it/g796
2024-12-04,Naked Lunch,1991,https://boxd.it/26ow
2024-12-04,Hannah Arendt,2012,https://boxd.it/41I6
2024-12-04,White Fang,1991,https://boxd.it/1SeW
2024-12-04,"Three Billboards Outside Ebbing, Missouri",2017,https://boxd.it/ceBS
2024-12-04,Les heures sombres de l'Égypte antique,2018,https://boxd.it/mDOW
2024-12-04,Conspiracy,2001,https://boxd.it/1R5u
2024-12-04,Shoah par balles - L'histoire oubliée,2008,https://boxd.it/kLPE
2024-12-04,The Boy in the Striped Pyjamas,2008,https://boxd.it/1NOK
2024-12-04,The Round Up,2010,https://boxd.it/Zrm
2024-12-04,Et les mistrals gagnants,2016,https://boxd.it/foNA
2024-12-04,An Angel at My Table,1990,https://boxd.it/269G
2024-12-04,"Dunkerque, waiting for the next bus",2019,https://boxd.it/lecG
2024-12-04,Lion,2016,https://boxd.it/b2La
2024-12-04,Alice in Wonderland,2010,https://boxd.it/1Spq
2024-12-04,Tomboy,2011,https://boxd.it/49U
2024-12-04,Joyeux Noel,2005,https://boxd.it/1TiU
2024-12-04,The Beautiful Person,2008,https://boxd.it/152W
2024-12-04,The Gentleman from Epsom,1962,https://boxd.it/RKq
2024-12-04,Mrs. Doubtfire,1993,https://boxd.it/29Cw
2024-12-04,Waiting for Bojangles,2021,https://boxd.it/w7Ra
2024-12-04,Miracle in Cell No. 7,2019,https://boxd.it/nFrM
2024-12-04,The Teachers' Lounge,2023,https://boxd.it/BINY
2024-12-04,Sink or Swim,2018,https://boxd.it/hqqM
2024-12-04,Beating Hearts,2024,https://boxd.it/AeF4
2024-12-04,A Haunting in Venice,2023,https://boxd.it/zGdg
2024-12-04,Death on the Nile,2022,https://boxd.it/ifpg
2024-12-04,Murder on the Orient Express,2017,https://boxd.it/dHjA
2024-12-04,Civil War,2024,https://boxd.it/z1jW
2024-12-04,Trap,2024,https://boxd.it/D4nK
2024-12-04,Emilia Pérez,2024,https://boxd.it/AP3G
2024-12-04,The Book of Solutions,2023,https://boxd.it/xx3i
2024-12-04,The Path of Excellence,2023,https://boxd.it/Boya
2024-12-04,Spirit of Ecstasy,2023,https://boxd.it/BQy8
2024-12-04,Furiosa: A Mad Max Saga,2024,https://boxd.it/tABk
2024-12-04,The Fall Guy,2024,https://boxd.it/s0Bm
2024-12-04,We're the Millers,2013,https://boxd.it/4srQ
2024-12-04,The Count of Monte-Cristo,2024,https://boxd.it/F1Nk
2024-12-04,Ruby & Quentin,2003,https://boxd.it/216M
2024-12-04,Challengers,2024,https://boxd.it/zld0
2024-12-04,All Your Faces,2023,https://boxd.it/BOP2
2024-12-04,Humanist Vampire Seeking Consenting Suicidal Person,2023,https://boxd.it/Blzk
2024-12-04,The Three Musketeers: D'Artagnan,2023,https://boxd.it/tXF0
2024-12-04,Three Days and a Life,2019,https://boxd.it/mRBi
2024-12-04,The Animal Kingdom,2023,https://boxd.it/zzJk
2024-12-04,(500) Days of Summer,2009,https://boxd.it/1EmM
2024-12-04,Anatomy of a Fall,2023,https://boxd.it/yuDE
2024-12-04,Dune: Part Two,2024,https://boxd.it/pUfA
2024-12-04,Dune,2021,https://boxd.it/fA7G
2024-12-04,American Fiction,2023,https://boxd.it/DYHm
2024-12-04,Past Lives,2023,https://boxd.it/oNB8
2024-12-04,The Zone of Interest,2023,https://boxd.it/gJsA
2024-12-04,Yannick,2023,https://boxd.it/G2es
2024-12-04,Junkyard Dog,2023,https://boxd.it/A9H0
2024-12-04,Maestro,2023,https://boxd.it/j0DE
2024-12-04,All of Us Strangers,2023,https://boxd.it/Bz3C
2024-12-04,My Sole Desire,2022,https://boxd.it/AgkM
2024-12-04,Gran Turismo,2023,https://boxd.it/B2lS
2024-12-04,The Holdovers,2023,https://boxd.it/vHza
2024-12-04,Killers of the Flower Moon,2023,https://boxd.it/gHp0
2024-12-04,Paris,2008,https://boxd.it/20qc
2024-12-04,Mujib: The Making of a Nation,2023,https://boxd.it/pmNI
2024-12-04,Machete,2010,https://boxd.it/1yXW
2024-12-04,Oppenheimer,2023,https://boxd.it/wUow
2024-12-04,Daniel Sloss: Socio,2022,https://boxd.it/DTbK
2024-12-04,Daniel Sloss: X,2019,https://boxd.it/nEGQ
2024-12-04,Wonka,2023,https://boxd.it/tCQm
2024-12-04,Barbie,2023,https://boxd.it/bCLK
2024-12-04,Kyan Khojandi : Une bonne soirée,2023,https://boxd.it/JMDE
2024-12-04,Chinese Puzzle,2013,https://boxd.it/6bCc
2024-12-04,Russian Dolls,2005,https://boxd.it/284S
2024-12-04,The Spanish Apartment,2002,https://boxd.it/28Cq
2024-12-04,Rise,2022,https://boxd.it/sZ1Y
2024-12-04,The Stronghold,2021,https://boxd.it/nDHe
2024-12-04,Back to Burgundy,2017,https://boxd.it/fk5u
2024-12-04,Love at Second Sight,2019,https://boxd.it/kURO
2024-12-04,Hot Fuzz,2007,https://boxd.it/2416
2024-12-04,Shaun of the Dead,2004,https://boxd.it/29J8
2024-12-04,What's in a Name,2012,https://boxd.it/3LlK
2024-12-04,Dallas Buyers Club,2013,https://boxd.it/4O8G
2024-12-04,Rush,2013,https://boxd.it/3lyS
2024-12-04,The World's End,2013,https://boxd.it/3EiO
2024-12-04,Delicious,2021,https://boxd.it/rZCy
2024-12-04,Nightcrawler,2014,https://boxd.it/780m
2024-12-04,Tenet,2020,https://boxd.it/leq4
2024-12-04,The French Minister,2013,https://boxd.it/6g08
2024-12-04,The Wolf's Call,2019,https://boxd.it/hqkE
2024-12-04,Memento,2000,https://boxd.it/2bcK
2024-12-04,Triangle of Sadness,2022,https://boxd.it/hXlq
2024-12-04,Vice,2018,https://boxd.it/fcFY
2024-12-04,A Perfect Man,2015,https://boxd.it/asgK
2024-12-04,The Prestige,2006,https://boxd.it/293w
2024-12-04,"Someone, Somewhere",2019,https://boxd.it/lspO
2024-12-04,The 40 Year Old Virgin,2005,https://boxd.it/21hK
2024-12-04,The Fighter,2010,https://boxd.it/PP4
2024-12-04,Ford v Ferrari,2019,https://boxd.it/ce74
2024-12-04,The Big Short,2015,https://boxd.it/ajZw
2024-12-04,The Wolf of Wall Street,2013,https://boxd.it/3C1m
2024-12-04,Licorice Pizza,2021,https://boxd.it/qTKY
2024-12-04,John Wick: Chapter 4,2023,https://boxd.it/mh48
2024-12-04,Indiana Jones and the Dial of Destiny,2023,https://boxd.it/b8vM
2024-12-04,John Wick: Chapter 3 – Parabellum,2019,https://boxd.it/gmFw
2024-12-04,John Wick: Chapter 2,2017,https://boxd.it/ayGu
2024-12-04,A Star Is Born,2018,https://boxd.it/aXgc
2024-12-04,John Wick,2014,https://boxd.it/7dEc
2024-12-04,Forever Young,2022,https://boxd.it/w2zA
2024-12-04,Death Proof,2007,https://boxd.it/27GG
2024-12-04,Pulp Fiction,1994,https://boxd.it/29Pq
2024-12-04,Rocketman,2019,https://boxd.it/iehK
2024-12-04,The Fabelmans,2022,https://boxd.it/ugoM
2024-12-04,Bad Boys,1995,https://boxd.it/1XVG
2024-12-04,It Boy,2013,https://boxd.it/5kkE
2024-12-04,Lady Bird,2017,https://boxd.it/dGNE
2024-12-04,Blade,1998,https://boxd.it/1a8A
2024-12-04,Elvis,2022,https://boxd.it/mK4w
2024-12-04,La Belle Époque,2019,https://boxd.it/lXCE
2024-12-04,Almost Famous,2000,https://boxd.it/29CQ
2024-12-04,Tenor,2022,https://boxd.it/zhBC
2024-12-04,Babylon,2022,https://boxd.it/mM02
2024-12-04,Tootsie,1982,https://boxd.it/1YkG
2024-12-04,No Time to Die,2021,https://boxd.it/cPX2
2024-12-04,Ghost,1990,https://boxd.it/2aLE
2024-12-04,"tick, tick... BOOM!",2021,https://boxd.it/jz2e
2024-12-04,Glass Onion,2022,https://boxd.it/oCkK
2024-12-04,Daggers Drawn,1964,https://boxd.it/6k8q
2024-12-04,The Hobbit: The Battle of the Five Armies,2014,https://boxd.it/43aU
2024-12-04,The Hobbit: The Desolation of Smaug,2013,https://boxd.it/nmS
2024-12-04,The Hobbit: An Unexpected Journey,2012,https://boxd.it/GZk
2024-12-04,First Man,2018,https://boxd.it/cPym
2024-12-04,Avatar: The Way of Water,2022,https://boxd.it/2E2E
2024-12-04,The Lord of the Rings: The Return of the King,2003,https://boxd.it/2b5u
2024-12-04,The Lord of the Rings: The Two Towers,2002,https://boxd.it/2b5E
2024-12-04,The Lord of the Rings: The Fellowship of the Ring,2001,https://boxd.it/2b5O
2024-12-04,Home Alone 2: Lost in New York,1992,https://boxd.it/29F6
2024-12-04,Uncharted,2022,https://boxd.it/b5Dy
2024-12-04,Drive,2011,https://boxd.it/IG
2024-12-04,Nightmare Alley,2021,https://boxd.it/m0HC
2024-12-04,The Greatest Showman,2017,https://boxd.it/acjI
2024-12-04,Moulin Rouge!,2001,https://boxd.it/29wI
2024-12-04,The Proposal,2009,https://boxd.it/1HiS
2024-12-04,French Fried Vacation,1978,https://boxd.it/1UqU
2024-12-04,Anastasia,1997,https://boxd.it/1YFk
2024-12-04,Deep Red,1975,https://boxd.it/1E1E
2024-12-04,Pet Sematary,2019,https://boxd.it/4W0q
2024-12-04,The Boat That Rocked,2009,https://boxd.it/1FZA
2024-12-04,The Crow: City of Angels,1996,https://boxd.it/1VZG
2024-12-04,The Innocents,2021,https://boxd.it/oAlc
2024-12-04,Le soleil brille pour tout le monde mais les hommes préfèrent les blondes,2008,https://boxd.it/JZMa
2024-12-04,JFK,1991,https://boxd.it/29xm
2024-12-04,What If,2013,https://boxd.it/6ljk
2024-12-04,Blonde,2022,https://boxd.it/9AG0
2024-12-04,Bridget Jones's Diary,2001,https://boxd.it/29WQ
2024-12-04,Pierrot le Fou,1965,https://boxd.it/26j2
2024-12-04,When Harry Met Sally...,1989,https://boxd.it/29W2
2024-12-04,Runaway Bride,1999,https://boxd.it/23Om
2024-12-04,Pretty Woman,1990,https://boxd.it/2b6M
2024-12-04,Everything Everywhere All at Once,2022,https://boxd.it/jUk4
2024-12-04,Charlie and the Chocolate Factory,2005,https://boxd.it/2b68
2024-12-04,The Breakfast Club,1985,https://boxd.it/27q4
2024-12-04,Working Girl,1988,https://boxd.it/25ha
2024-12-04,Interview with the Vampire,1994,https://boxd.it/29XO
2024-12-04,Romeo + Juliet,1996,https://boxd.it/2ama
2024-12-04,The Help,2011,https://boxd.it/EDm
2024-12-04,Dead Poets Society,1989,https://boxd.it/2aSg
2024-12-04,The Wannabes,2022,https://boxd.it/rNjk
2024-12-04,Le Brio,2017,https://boxd.it/g7NU
2024-12-04,Thor: Love and Thunder,2022,https://boxd.it/mMAY
2024-12-04,Top Gun,1986,https://boxd.it/29JC
2024-12-04,Top Gun: Maverick,2022,https://boxd.it/cjr4
2024-12-04,Dorian Gray,2009,https://boxd.it/1zaw
2024-12-04,Batman Returns,1992,https://boxd.it/2awa
2024-12-04,Kick-Ass,2010,https://boxd.it/1zaQ
2024-12-04,Amélie,2001,https://boxd.it/2aUc
2024-12-04,The Batman,2022,https://boxd.it/eDGs
2024-12-04,The Big Lebowski,1998,https://boxd.it/2b6C
2024-12-04,Summer of 85,2020,https://boxd.it/oxQ2
2024-12-04,Lost in Translation,2003,https://boxd.it/2b0E
2024-12-04,La Femme Nikita,1990,https://boxd.it/1YYm
2024-12-04,American Beauty,1999,https://boxd.it/71Y
2024-12-04,Meet Joe Black,1998,https://boxd.it/2aEI
2024-12-04,Samba,2014,https://boxd.it/84xI
2024-12-04,I Do,2006,https://boxd.it/1Ejy
2024-12-04,Martin Eden,2019,https://boxd.it/lqNO
2024-12-04,The Fisher King,1991,https://boxd.it/2aWM
2024-12-04,Rust and Bone,2012,https://boxd.it/3mDE
2024-12-04,Asterix & Obelix: Mission Cleopatra,2002,https://boxd.it/268o
2024-12-04,Bye Bye Morons,2020,https://boxd.it/oekm
2024-12-04,Batman,1989,https://boxd.it/2aIU
2024-12-04,(LA) FUREUR DE VIVRE,,https://boxd.it/Bp2O
2024-12-04,The League of Extraordinary Gentlemen,2003,https://boxd.it/1ZVy
2024-12-04,How we made Asterix & Obelix: Mission Cleopatra,2002,https://boxd.it/FpdK
2024-12-04,Kaamelott: The First Chapter,2021,https://boxd.it/lduY
2024-12-04,OSS 117: From Africa with Love,2021,https://boxd.it/mjce
2024-12-04,"OSS 117: Cairo, Nest of Spies",2006,https://boxd.it/1MIm
2024-12-04,OSS 117: Lost in Rio,2009,https://boxd.it/1LVu
2024-12-04,Shutter Island,2010,https://boxd.it/1U82
2024-12-04,Don't Look Up,2021,https://boxd.it/o0Hc
2024-12-04,8 Mile,2002,https://boxd.it/2bew
2024-12-04,Spider-Man: No Way Home,2021,https://boxd.it/nwRw
2024-12-04,La La Land,2016,https://boxd.it/a5fa
2024-12-04,Le Deal mexicain,1980,https://boxd.it/jHF4
2024-12-04,Snatch,2000,https://boxd.it/2b7U
2024-12-04,Blindness,2008,https://boxd.it/20lc
2024-12-04,The Gilded Cage,2013,https://boxd.it/5DVk
2024-12-04,Princess Mononoke,1997,https://boxd.it/2b4w
2024-12-04,Two Friends,1986,https://boxd.it/43FS
2024-12-04,Black Widow,2021,https://boxd.it/hWV8
2024-12-04,The Piano Teacher,2001,https://boxd.it/2886
2024-12-04,Sur la route d'Okinawa,2009,https://boxd.it/aC6U
2024-12-04,Blind Date,1987,https://boxd.it/29hI
2024-12-04,Youth,2015,https://boxd.it/9Y7S
2024-12-04,Gainsbourg: A Heroic Life,2010,https://boxd.it/1iaa
2024-12-04,The Blind Side,2009,https://boxd.it/1zWg
2024-12-04,Nelly and Monsieur Arnaud,1995,https://boxd.it/1Ruu
2024-12-04,Smart Ass,2014,https://boxd.it/7rOA
2024-12-04,No Reservations,2007,https://boxd.it/256w
2024-12-04,Love Songs,2007,https://boxd.it/1O4I
2024-12-04,Catch Me If You Can,2002,https://boxd.it/29VS
2024-12-04,Porco Rosso,1992,https://boxd.it/1Tp2
2024-12-04,Gangs of New York,2002,https://boxd.it/25FG
2024-12-04,Pretty in Pink,1986,https://boxd.it/1TEw
2024-12-04,What's Eating Gilbert Grape,1993,https://boxd.it/28xg
2024-12-04,Eternal Sunshine of the Spotless Mind,2004,https://boxd.it/6YK
2024-12-04,Sixteen Candles,1984,https://boxd.it/1MJk
2024-12-04,La Traversée de Paris,1956,https://boxd.it/1Fx2
2024-12-04,28 Days,2000,https://boxd.it/1WbM
2024-12-04,An Easy Girl,2019,https://boxd.it/l8fk
2024-12-04,Silver Linings Playbook,2012,https://boxd.it/2TTo
2024-12-04,"Crazy, Stupid, Love.",2011,https://boxd.it/D9A
2024-12-04,Pitch Perfect,2012,https://boxd.it/3OsE
2024-12-04,Notting Hill,1999,https://boxd.it/2aeK
2024-12-04,The Cow and I,1959,https://boxd.it/jHs
2024-12-04,Once Upon a Time… A Clockwork Orange,2011,https://boxd.it/aZ6e
2024-12-04,Michael Douglas: The Prodigal Son,2023,https://boxd.it/GsX4
2024-12-04,There Will Be Blood,2007,https://boxd.it/20Z2
2024-12-04,Léon: The Professional,1994,https://boxd.it/2b8S
2024-12-04,Midnight Express,1978,https://boxd.it/1U7I
2024-12-04,The Son,2022,https://boxd.it/umm8
2024-12-04,The Wing or the Thigh?,1976,https://boxd.it/29GS
2024-12-04,Bird Thongchai Concert #3/1990 Boomerang Man,1990,https://boxd.it/G5xi
2024-12-04,Some Like It Hot,1959,https://boxd.it/2aNA
2024-12-04,Marriage Story,2019,https://boxd.it/hJAw
2024-12-04,Romantics Anonymous,2010,https://boxd.it/A56
2024-12-04,The Emperor's New Groove,2000,https://boxd.it/1Tey
2024-12-04,The Dinner Game,1998,https://boxd.it/1YJ2
2024-12-04,The Cabbage Soup,1981,https://boxd.it/1YZa
2024-12-04,Perfume: The Story of a Murderer,2006,https://boxd.it/28LW
2024-12-04,Corpse Bride,2005,https://boxd.it/24WQ
2024-12-04,Jack and the Cuckoo-Clock Heart,2013,https://boxd.it/68tc
2024-12-04,Ravenous,1999,https://boxd.it/1WOa
2024-12-04,The Human Condition III: A Soldier's Prayer,1961,https://boxd.it/1dIQ
2024-12-04,The Human Condition II: Road to Eternity,1959,https://boxd.it/1dJa
2024-12-04,Dofus - Book I: Julith,2015,https://boxd.it/91Ac
2024-12-04,Jiro Dreams of Sushi,2011,https://boxd.it/2ONU
2024-12-04,The Voices,2014,https://boxd.it/7b3S
2024-12-04,Glass,2019,https://boxd.it/g3uO
2024-12-04,"Général Soleimani, le stratège de l'Iran",2021,https://boxd.it/vcs8
2024-12-04,On a Magical Night,2019,https://boxd.it/lXpq
2024-12-04,Alice and the Mayor,2019,https://boxd.it/lOGC
2024-12-04,Match Point,2005,https://boxd.it/2b6s
2024-12-04,La Vie en Rose,2007,https://boxd.it/28OQ
2024-12-04,Split,2016,https://boxd.it/dgSy
2024-12-04,The Irishman,2019,https://boxd.it/dYOq
2024-12-04,Unbreakable,2000,https://boxd.it/1XV2
2024-12-04,Citizenfour,2014,https://boxd.it/9eSe
2024-12-04,Snowden,2016,https://boxd.it/9CWO
2024-12-04,Veronika Decides to Die,2009,https://boxd.it/1uK0
2024-12-04,David et Madame Hansen,2012,https://boxd.it/4ePO
2024-12-04,Back to the Future Part III,1990,https://boxd.it/2aTS
2024-12-04,Back to the Future,1985,https://boxd.it/2b8e
2024-12-04,Portrait of a Lady on Fire,2019,https://boxd.it/jkPq
2024-12-04,The Magical Legend of the Leprechauns,1999,https://boxd.it/1jFe
2024-12-04,Fantastic Beasts: The Crimes of Grindelwald,2018,https://boxd.it/bg8G
2024-12-04,Fatima,2020,https://boxd.it/iSLK
2024-12-04,The Silence of the Lambs,1991,https://boxd.it/2aHW
2024-12-04,Edward Scissorhands,1990,https://boxd.it/2aZc
2024-12-04,Captain Marvel,2019,https://boxd.it/9vSA
2024-12-04,Steve Jobs,2015,https://boxd.it/araG
2024-12-04,Shazam!,2019,https://boxd.it/8WBu
2024-12-04,La Belle Verte,1996,https://boxd.it/1vEW
2024-12-04,Cop or Hood,1979,https://boxd.it/11Qo
2024-12-04,Fear City: A Family-Style Comedy,1994,https://boxd.it/1MOO
2024-12-04,Don't Look Now... We're Being Shot At!,1966,https://boxd.it/20oq
2024-12-04,Parasite,2019,https://boxd.it/hTha
2024-12-04,Spider-Man: Far From Home,2019,https://boxd.it/fegG
2024-12-04,Pocahontas,1995,https://boxd.it/1W2g
2024-12-04,The Hunchback of Notre Dame,1996,https://boxd.it/1VZQ
2024-12-04,Harry Potter and the Order of the Phoenix,2007,https://boxd.it/29Qe
2024-12-04,Harry Potter and the Half-Blood Prince,2009,https://boxd.it/29FU
2024-12-04,Harry Potter and the Deathly Hallows: Part 1,2010,https://boxd.it/1RYu
2024-12-04,Harry Potter and the Deathly Hallows: Part 2,2011,https://boxd.it/1RYk
2024-12-04,Le Roi Soleil,2006,https://boxd.it/8S
2024-12-04,"Mozart, l'Opéra Rock",2009,https://boxd.it/haw
2024-12-04,Fast & Furious Presents: Hobbs & Shaw,2019,https://boxd.it/dnDA
2024-12-04,Aquaman,2018,https://boxd.it/9ru0
2024-12-04,Once Upon a Time... in Hollywood,2019,https://boxd.it/gH0O
2024-12-04,Star Wars: The Rise of Skywalker,2019,https://boxd.it/5xlK
2024-12-04,Schindler's List,1993,https://boxd.it/2aq2
2024-12-04,Shoot the Piano Player,1960,https://boxd.it/285w
2024-12-04,Inglourious Basterds,2009,https://boxd.it/1JzG
2024-12-04,The Book Thief,2013,https://boxd.it/67wO
2024-12-04,Fifty Shades Freed,2018,https://boxd.it/bb5C
2024-12-04,Fifty Shades Darker,2017,https://boxd.it/bm2E
2024-12-04,The Florida Project,2017,https://boxd.it/dMG0
2024-12-04,The Shape of Water,2017,https://boxd.it/dZ5m
2024-12-04,The Shining,1980,https://boxd.it/29Nu
2024-12-04,Life Is Rosy,1987,https://boxd.it/657M
2024-12-04,A Monkey in Winter,1962,https://boxd.it/1eyC
2024-12-04,Baywatch,2017,https://boxd.it/biG6
2024-12-04,Le Gendarme de Saint-Tropez,1964,https://boxd.it/23Uk
2024-12-04,The Gendarme in New York,1965,https://boxd.it/23Ua
2024-12-04,The Gendarme Gets Married,1968,https://boxd.it/23U0
2024-12-04,The Gendarme Takes Off,1970,https://boxd.it/1SMO
2024-12-04,The Gendarme and the Creatures from Outer Space,1979,https://boxd.it/1W4w
2024-12-04,The Gendarme and the Gendarmettes,1982,https://boxd.it/1SMu
2024-12-04,Taxi 3,2003,https://boxd.it/26U8
2024-12-04,Avengers: Infinity War,2018,https://boxd.it/9vEe
2024-12-04,Promise at Dawn,2017,https://boxd.it/fll4
2024-12-04,Black Panther,2018,https://boxd.it/8MHs
2024-12-04,Food Choices,2016,https://boxd.it/dMjK
2024-12-04,Cowspiracy: The Sustainability Secret,2014,https://boxd.it/8I92
2024-12-04,Incredibles 2,2018,https://boxd.it/7IPg
2024-12-04,Bram Stoker's Dracula,1992,https://boxd.it/223a
2024-12-04,Deadpool 2,2018,https://boxd.it/dlLM
2024-12-04,Ready Player One,2018,https://boxd.it/aZes
2024-12-04,99 Francs,2007,https://boxd.it/1ZNY
2024-12-04,The Wave,2008,https://boxd.it/20OS
2024-12-04,Solo: A Star Wars Story,2018,https://boxd.it/bGWs
2024-12-04,Professor Marston and the Wonder Women,2017,https://boxd.it/eRPS
2024-12-04,The Graduate,1967,https://boxd.it/18Im
2024-12-04,Fantastic Beasts: The Secrets of Dumbledore,2022,https://boxd.it/bg8Q
2024-12-04,The Bohemian,2022,https://boxd.it/oVZs
2024-12-04,The Chorus,2004,https://boxd.it/22X8
2024-12-04,One Life,2023,https://boxd.it/sAhC
2024-12-04,Making Of,2023,https://boxd.it/AIiO
2024-12-04,Would I Lie to You?,1997,https://boxd.it/13O0
2024-12-04,Knives Out,2019,https://boxd.it/jWEA
